Year,Location,Procuras,Tempo_medio_de_espera_diario,Atendimentos,Desistencias,necessity_metric
2024,Loja de Cidadão Laranjeiras,36475.35,2019.09314285714,29908.41,6567.06,0.870441787279705
2024,Loja de Cidadão Saldanha,32064.03,1813.09314285714,26549.84,5515.06,0.800441567807934
2025,Loja de Cidadão Laranjeiras,45871.71,2128.08775654323,36221.03,9650.32,0.893155589453519
2025,Loja de Cidadão Saldanha,39956.43,1837.25333376333,32489.59,7467.65,0.845675864554454
2026,Loja de Cidadão Laranjeiras,47871.73,2367.25333333333,37653.83,10218.77,0.923155588945351
2026,Loja de Cidadão Saldanha,43867.76,1997.25333333333,35344.34,8523.87,0.863145674343738
2027,Loja de Cidadão Laranjeiras,48732.94,2476.67858560776,38077.56,10655.56,0.933155588945351
2027,Loja de Cidadão Saldanha,44965.04,2020.65758655674,35689.62,9276.65,0.875845646548907